"","Cluster","Avg_Recency","Avg_Frequency","Avg_Monetary","Recency_Score","Frequency_Score","Monetary_Score","Total_Score"
"1","1",80.2692307692308,5.98076923076923,5288.17769230769,3,3,3,9
"2","2",528,1.5,228.9,1,2,1,4
"3","3",46.28125,13.34375,22894.4403125,4,4,5,13
"4","4",34.3333333333333,29.6666666666667,115464.486666667,4,5,5,14
